Strain,Treatment,fc_count_per_od,error_count_per_od
BY4741,30C,1,0.043313178566426976
BY4741,42C,0.7892664266426643,0.06220722193309295
BY4741,46C,0.33607110711071114,0.1433172598386039
BY4741,CHX,0.04882988298829884,0.022644879012242405
